순위,선수,팀,타율,경기,타석,타수,득점,안타,2루타,3루타,홈런,루타,타점,도루,도루 실패,볼넷,사구,삼진,병살,장타율,출루율,OPS,실책,희생플라이,희생번트,장타,땅볼,뜬공,땅볼/뜬공,결승타,투구수/타석,추정득점,고의사구,멀티히트,득점권타율,대타타율,볼넷/삼진,순수장타율,GPA,wRC+,wOBA,WAR,BABIP,볼넷비율,삼진비율,RC,SecA
1,전태현,키움,0.231,77,207,182,20,42,5,0,0,47,10,4,0,20,0,59,2,0.258,0.304,0.562,4,2,3,5,37,46,0.80,0,4.45,16.70,0,8,0.282,0.267,0.34,0.027,0.201,54.9,0.275,-0.2,0.336,9.7,28.5,14.4,0.159
1,김건희,키움,0.242,105,344,322,24,78,20,2,3,111,25,2,1,13,0,102,10,0.345,0.270,0.615,5,2,7,25,91,53,1.72,3,3.93,26.30,0,19,0.224,0.200,0.13,0.102,0.208,59.0,0.280,0.3,0.342,3.8,29.7,30.2,0.146
1,장진혁,KT,0.209,86,157,139,19,29,3,1,4,46,19,1,0,13,0,46,1,0.331,0.275,0.606,1,1,4,8,35,30,1.17,3,3.97,14.00,0,5,0.184,0.167,0.28,0.122,0.207,59.3,0.281,0.1,0.278,8.3,29.3,12.7,0.223
1,김태진,키움,0.233,94,304,279,27,65,11,2,5,95,25,1,1,20,0,53,6,0.341,0.281,0.622,9,3,2,18,79,85,0.93,0,3.80,26.60,1,15,0.156,0.214,0.38,0.108,0.212,63.4,0.286,-0.5,0.268,6.6,17.4,27.0,0.179
1,리베라토,한화,0.313,62,273,246,41,77,18,2,10,129,39,1,0,23,0,47,3,0.524,0.366,0.890,3,4,0,30,60,66,0.91,6,3.62,45.70,0,22,0.339,0.000,0.49,0.211,0.296,141.7,0.395,3.1,0.347,8.4,17.2,48.0,0.309
1,장준원,KT,0.207,73,154,140,10,29,3,0,1,35,11,0,0,8,0,27,5,0.250,0.248,0.498,3,1,5,4,57,28,2.04,0,3.62,7.30,0,6,0.182,0.000,0.30,0.043,0.174,27.2,0.236,0.3,0.248,5.2,17.5,8.8,0.100
7,송성문,키움,0.315,144,646,574,103,181,37,4,26,304,90,25,2,68,1,96,6,0.530,0.387,0.917,14,3,0,67,139,161,0.86,8,3.79,114.90,5,53,0.372,0.333,0.71,0.214,0.307,152.6,0.410,9.6,0.341,10.5,14.9,117.9,0.373
7,박주홍,키움,0.226,102,283,248,33,56,11,3,3,82,23,11,1,30,1,72,5,0.331,0.310,0.641,3,2,2,17,57,65,0.88,3,4.18,28.20,0,12,0.219,0.182,0.42,0.105,0.222,75.3,0.303,1.4,0.303,10.6,25.4,25.4,0.266
7,권동진,KT,0.225,123,309,271,34,61,12,3,1,82,25,3,1,30,1,91,8,0.303,0.304,0.607,15,1,6,16,66,54,1.22,1,4.08,24.50,0,12,0.270,0.500,0.33,0.077,0.213,66.3,0.290,1.0,0.333,9.7,29.4,24.8,0.196
7,윤도현,KIA,0.275,40,160,149,24,41,7,2,6,70,17,2,1,8,1,36,1,0.470,0.316,0.786,9,0,2,15,35,37,0.95,1,3.63,21.60,0,12,0.296,0.000,0.22,0.195,0.260,109.9,0.351,-0.1,0.327,5.0,22.5,21.8,0.255
7,박준순,두산,0.284,91,298,282,34,80,11,2,4,107,19,10,2,10,1,56,6,0.379,0.307,0.686,24,3,2,17,82,67,1.22,4,3.33,32.40,1,19,0.246,0.000,0.18,0.096,0.233,82.3,0.313,0.5,0.338,3.4,18.8,33.0,0.160
7,플로리얼,한화,0.271,65,285,258,36,70,18,2,8,116,29,13,3,24,1,65,2,0.450,0.333,0.783,5,2,0,28,56,69,0.81,3,3.86,39.80,2,21,0.222,0.000,0.37,0.178,0.262,111.7,0.353,1.8,0.332,8.4,22.8,38.7,0.310
7,오태곤,SSG,0.201,122,229,194,31,39,6,0,5,60,26,25,8,30,1,59,4,0.309,0.310,0.619,2,1,3,11,53,44,1.20,6,3.85,22.60,0,9,0.196,0.242,0.51,0.108,0.217,71.6,0.298,-0.2,0.260,13.1,25.8,18.5,0.351
7,박계범,두산,0.263,94,198,175,23,46,9,2,1,62,27,3,1,14,1,45,4,0.354,0.319,0.673,9,1,7,12,56,29,1.93,2,3.96,19.50,0,9,0.345,0.300,0.31,0.091,0.232,83.5,0.314,0.2,0.346,7.1,22.7,19.7,0.183
7,김기연,두산,0.247,100,245,219,19,54,9,0,2,69,24,1,0,19,1,44,8,0.315,0.307,0.622,4,2,4,11,72,51,1.41,2,3.57,20.60,0,12,0.228,0.278,0.43,0.068,0.217,68.7,0.294,0.5,0.297,7.8,18.0,21.2,0.160
7,로하스,KT,0.239,95,384,331,48,79,20,0,14,141,43,1,1,48,1,71,9,0.426,0.333,0.759,4,4,0,34,82,103,0.80,11,4.02,48.20,3,18,0.227,0.167,0.68,0.187,0.256,106.5,0.346,1.6,0.260,12.5,18.5,47.2,0.332
7,정보근,롯데,0.186,93,152,129,4,24,4,1,1,33,15,0,0,18,1,39,4,0.256,0.291,0.547,2,0,4,6,40,26,1.54,2,3.86,9.60,1,3,0.293,0.000,0.46,0.070,0.195,51.9,0.270,0.3,0.258,11.8,25.7,9.4,0.209
7,변우혁,KIA,0.218,47,153,142,11,31,7,0,0,38,17,0,0,10,1,47,3,0.268,0.275,0.543,4,0,0,7,28,36,0.78,3,3.95,9.30,0,9,0.311,0.200,0.21,0.049,0.191,44.2,0.260,-0.1,0.326,6.5,30.7,10.3,0.120
7,이재원,한화,0.200,98,151,125,4,25,2,1,1,32,12,1,1,14,1,23,3,0.256,0.280,0.536,6,3,8,4,46,34,1.35,0,3.46,10.50,0,3,0.162,0.000,0.61,0.056,0.190,44.4,0.260,0.4,0.231,9.3,15.2,9.0,0.168
7,손아섭,한화,0.288,111,416,372,39,107,22,3,1,138,50,0,4,37,1,59,3,0.371,0.352,0.723,0,2,4,26,133,75,1.77,3,3.79,47.80,2,24,0.310,0.222,0.63,0.083,0.251,101.4,0.339,1.2,0.338,8.9,14.2,48.6,0.172
7,안치홍,한화,0.172,66,196,174,9,30,4,0,2,40,18,3,0,16,1,39,4,0.230,0.245,0.475,1,1,4,6,49,57,0.86,2,3.75,9.70,2,5,0.238,0.200,0.41,0.057,0.168,23.6,0.231,-1.5,0.209,8.2,19.9,9.7,0.167
22,오영수,NC,0.232,67,179,155,14,36,5,0,3,50,23,3,2,22,2,47,0,0.323,0.335,0.658,1,0,0,8,39,33,1.18,3,4.05,18.90,0,9,0.262,0.273,0.47,0.090,0.232,85.4,0.317,-0.9,0.314,12.3,26.3,16.4,0.239
22,이지영,SSG,0.239,76,216,197,13,47,6,1,3,64,18,2,1,11,2,22,8,0.325,0.283,0.608,3,2,4,10,73,57,1.28,2,3.29,16.90,0,14,0.177,0.000,0.50,0.086,0.209,60.0,0.282,0.9,0.253,5.1,10.2,17.8,0.147
22,황재균,KT,0.275,112,424,385,50,106,19,0,7,146,48,3,1,34,2,84,2,0.379,0.336,0.715,5,2,1,26,84,113,0.74,3,3.91,50.40,1,31,0.403,0.111,0.40,0.104,0.246,96.0,0.332,0.7,0.334,8.0,19.8,48.8,0.197
22,이유찬,두산,0.242,89,311,269,36,65,8,1,1,78,16,12,2,33,2,66,4,0.290,0.328,0.618,8,1,6,10,72,67,1.07,1,4.02,29.40,0,11,0.194,0.000,0.50,0.048,0.220,73.7,0.301,0.4,0.315,10.6,21.2,25.3,0.208
22,안상현,SSG,0.264,102,289,258,38,68,8,2,6,98,15,17,6,18,2,85,2,0.380,0.314,0.694,9,2,9,16,56,51,1.10,1,3.87,33.00,0,19,0.200,0.000,0.21,0.116,0.236,86.7,0.319,0.7,0.367,6.2,29.4,30.5,0.229
22,이진영,한화,0.274,115,366,321,49,88,13,0,11,134,43,1,4,38,2,93,8,0.417,0.350,0.767,2,5,0,24,80,65,1.23,2,3.95,46.90,0,19,0.239,0.250,0.41,0.143,0.262,110.3,0.351,1.9,0.347,10.4,25.4,47.0,0.252
22,김규성,KIA,0.233,133,222,193,30,45,4,0,3,58,16,5,2,21,2,49,1,0.301,0.313,0.614,10,1,5,7,47,53,0.89,2,3.80,20.80,0,9,0.204,0.714,0.43,0.067,0.216,69.4,0.295,0.1,0.296,9.5,22.1,17.9,0.192
22,임지열,키움,0.244,102,417,369,51,90,14,2,11,141,50,13,6,42,2,111,11,0.382,0.322,0.704,4,3,1,27,89,82,1.09,3,3.91,46.00,0,19,0.310,0.600,0.38,0.138,0.240,91.7,0.326,2.3,0.316,10.1,26.6,45.3,0.271
22,이우성,NC,0.250,105,337,300,28,75,22,1,3,108,33,2,1,31,2,66,8,0.360,0.321,0.681,3,3,1,26,91,71,1.28,1,3.79,34.40,0,19,0.213,0.385,0.47,0.110,0.234,86.2,0.318,-0.1,0.308,9.2,19.6,34.6,0.217
22,황영묵,한화,0.273,117,286,260,40,71,17,1,1,93,22,1,3,20,2,37,4,0.358,0.329,0.687,6,1,2,19,96,57,1.68,4,3.64,29.10,0,18,0.300,0.455,0.54,0.085,0.238,88.2,0.321,0.0,0.314,7.0,12.9,30.2,0.154
22,어준서,키움,0.238,116,360,324,48,77,9,1,6,106,27,1,0,30,2,75,10,0.327,0.305,0.632,29,1,3,16,89,84,1.06,3,3.95,31.60,1,20,0.222,0.182,0.40,0.090,0.219,71.6,0.298,-0.4,0.291,8.3,20.8,32.0,0.185
22,오스틴,LG,0.313,116,499,425,82,133,25,1,31,253,95,3,0,61,2,62,11,0.595,0.393,0.988,8,11,0,57,74,167,0.44,11,3.79,96.20,7,38,0.292,0.000,0.98,0.282,0.326,166.8,0.430,5.9,0.297,12.2,12.4,101.0,0.433
22,고명준,SSG,0.278,130,500,471,46,131,20,1,17,204,64,2,0,20,2,99,12,0.433,0.306,0.739,3,7,0,38,124,124,1.00,11,3.38,60.90,1,43,0.235,0.000,0.20,0.155,0.246,94.4,0.329,1.6,0.315,4.0,19.8,62.7,0.202
22,박동원,LG,0.253,139,523,451,57,114,25,0,22,205,76,4,0,62,2,124,10,0.455,0.342,0.797,8,5,3,47,110,108,1.02,8,3.89,72.20,4,27,0.235,0.143,0.50,0.202,0.268,116.5,0.360,4.3,0.297,11.9,23.7,70.3,0.348
22,김영웅,삼성,0.249,125,499,446,66,111,22,2,22,203,72,6,2,48,2,143,6,0.455,0.323,0.778,11,3,0,46,83,112,0.74,3,3.97,66.90,3,25,0.268,0.000,0.34,0.206,0.259,108.6,0.349,2.7,0.313,9.6,28.7,65.3,0.323
22,한태양,롯데,0.274,108,267,230,42,63,14,2,2,87,22,3,2,32,2,69,3,0.378,0.367,0.745,7,0,3,18,56,42,1.33,2,4.14,32.40,0,11,0.274,0.167,0.46,0.104,0.260,111.3,0.353,1.3,0.384,12.0,25.8,31.5,0.248
22,김민석,두산,0.228,95,247,228,21,52,7,3,1,68,21,3,2,12,2,62,3,0.298,0.269,0.567,6,3,2,11,59,58,1.02,5,3.82,18.40,1,12,0.254,0.118,0.19,0.070,0.196,47.9,0.265,-1.2,0.304,4.9,25.1,18.1,0.127
22,양도근,삼성,0.259,116,198,166,23,43,5,0,0,48,16,5,1,18,2,41,3,0.289,0.337,0.626,5,1,11,5,44,39,1.13,3,3.74,18.30,0,12,0.220,0.286,0.44,0.030,0.224,76.6,0.305,0.9,0.341,9.1,20.7,15.9,0.163
22,장성우,KT,0.247,129,480,413,44,102,13,0,14,157,58,0,1,55,2,96,13,0.380,0.333,0.713,5,8,2,27,86,137,0.63,8,4.01,55.50,1,25,0.191,0.250,0.57,0.133,0.245,94.8,0.330,2.2,0.283,11.5,20.0,52.7,0.264
41,정준재,SSG,0.245,132,442,371,58,91,10,3,0,107,25,37,8,51,3,93,4,0.288,0.340,0.628,9,1,16,13,114,74,1.54,4,3.92,45.40,0,21,0.276,0.267,0.55,0.043,0.225,79.4,0.309,2.1,0.326,11.5,21.0,36.0,0.259
41,심우준,한화,0.231,94,275,247,39,57,9,1,2,74,22,11,1,17,3,49,4,0.300,0.287,0.587,7,1,7,12,69,73,0.95,2,3.94,23.00,0,9,0.250,0.000,0.35,0.069,0.204,57.0,0.277,0.6,0.279,6.2,17.8,20.7,0.178
41,이도윤,한화,0.260,113,277,250,37,65,11,3,1,85,36,1,0,11,3,52,5,0.340,0.296,0.636,4,3,10,15,72,64,1.13,3,3.85,24.90,1,13,0.250,0.400,0.21,0.080,0.218,68.8,0.294,-0.1,0.320,4.0,18.8,24.8,0.128
41,이정훈,KT,0.258,59,148,132,20,34,4,0,4,50,14,0,1,13,3,48,4,0.379,0.338,0.717,1,0,0,8,28,22,1.27,2,4.14,16.10,0,6,0.258,0.286,0.27,0.121,0.247,98.1,0.334,0.0,0.375,8.8,32.4,16.2,0.212
41,강백호,KT,0.265,95,369,321,41,85,18,1,15,150,61,2,4,44,3,64,9,0.467,0.358,0.825,1,1,0,34,86,87,0.99,7,3.91,51.20,3,21,0.300,0.500,0.69,0.202,0.278,126.7,0.374,1.8,0.288,11.9,17.3,53.0,0.333
41,김형준,NC,0.232,127,415,362,51,84,10,1,18,150,55,3,0,45,3,126,7,0.414,0.320,0.734,4,2,3,29,59,95,0.62,7,4.10,50.80,0,18,0.290,0.250,0.36,0.182,0.248,98.7,0.335,1.7,0.300,10.8,30.4,47.5,0.315
41,오선진,키움,0.238,99,163,143,15,34,8,0,1,45,19,0,0,12,3,45,2,0.315,0.308,0.623,4,1,4,9,40,25,1.60,5,4.22,14.40,0,8,0.313,0.000,0.27,0.077,0.217,70.2,0.296,-0.1,0.337,7.4,27.6,13.4,0.161
41,김선빈,KIA,0.321,84,308,271,31,87,18,1,3,116,46,4,0,31,3,35,9,0.428,0.395,0.823,9,1,2,22,85,65,1.31,5,3.93,43.00,0,25,0.352,0.333,0.89,0.107,0.285,133.2,0.383,1.6,0.359,10.1,11.4,45.3,0.236
41,장두성,롯데,0.262,118,284,248,51,65,3,3,0,74,25,17,5,24,3,64,3,0.298,0.332,0.630,3,2,7,6,67,54,1.24,2,3.85,28.30,0,19,0.269,0.000,0.38,0.036,0.224,76.2,0.304,0.5,0.349,8.5,22.5,24.2,0.181
41,최준우,SSG,0.191,78,192,152,17,29,0,0,3,38,22,2,0,30,3,47,3,0.250,0.328,0.578,1,4,3,3,51,29,1.76,3,4.03,17.90,0,5,0.262,0.148,0.64,0.059,0.210,67.5,0.292,-0.3,0.245,15.6,24.5,12.3,0.270